player_id,player_name,team,element_type,price,id_team,team_name,team_short,id_position,position,opponent,is_home
1,Raya,1,1,6.0,1,Arsenal,ARS,1,GKP,Bournemouth,1
2,Arrizabalaga,1,1,4.0,1,Arsenal,ARS,1,GKP,Bournemouth,1
3,Hein,1,1,4.0,1,Arsenal,ARS,1,GKP,Bournemouth,1
4,Setford,1,1,3.9,1,Arsenal,ARS,1,GKP,Bournemouth,1
5,Gabriel,1,2,7.2,1,Arsenal,ARS,2,DEF,Bournemouth,1
6,Saliba,1,2,6.1,1,Arsenal,ARS,2,DEF,Bournemouth,1
7,Calafiori,1,2,5.6,1,Arsenal,ARS,2,DEF,Bournemouth,1
8,J.Timber,1,2,6.3,1,Arsenal,ARS,2,DEF,Bournemouth,1
9,Kiwior,1,2,5.4,1,Arsenal,ARS,2,DEF,Bournemouth,1
10,Lewis-Skelly,1,2,5.1,1,Arsenal,ARS,2,DEF,Bournemouth,1
11,White,1,2,5.1,1,Arsenal,ARS,2,DEF,Bournemouth,1
13,Clarke,1,2,3.8,1,Arsenal,ARS,2,DEF,Bournemouth,1
14,Kacurri,1,2,3.9,1,Arsenal,ARS,2,DEF,Bournemouth,1
15,Nichols,1,2,3.7,1,Arsenal,ARS,2,DEF,Bournemouth,1
16,Saka,1,3,9.8,1,Arsenal,ARS,3,MID,Bournemouth,1
17,Ødegaard,1,3,7.8,1,Arsenal,ARS,3,MID,Bournemouth,1
18,Madueke,1,3,6.8,1,Arsenal,ARS,3,MID,Bournemouth,1
19,Martinelli,1,3,6.8,1,Arsenal,ARS,3,MID,Bournemouth,1
20,Trossard,1,3,6.6,1,Arsenal,ARS,3,MID,Bournemouth,1
21,Rice,1,3,7.3,1,Arsenal,ARS,3,MID,Bournemouth,1
22,Merino,1,3,5.4,1,Arsenal,ARS,3,MID,Bournemouth,1
23,Fábio Vieira,1,3,5.4,1,Arsenal,ARS,3,MID,Bournemouth,1
24,Nørgaard,1,3,5.1,1,Arsenal,ARS,3,MID,Bournemouth,1
25,Nwaneri,1,3,5.0,1,Arsenal,ARS,3,MID,Bournemouth,1
26,Zubimendi,1,3,5.1,1,Arsenal,ARS,3,MID,Bournemouth,1
28,Kabia,1,3,4.5,1,Arsenal,ARS,3,MID,Bournemouth,1
29,Sambi,1,3,4.5,1,Arsenal,ARS,3,MID,Bournemouth,1
30,Havertz,1,4,7.3,1,Arsenal,ARS,4,FWD,Bournemouth,1
31,G.Jesus,1,4,6.4,1,Arsenal,ARS,4,FWD,Bournemouth,1
266,Eze,1,3,7.2,1,Arsenal,ARS,3,MID,Bournemouth,1
662,Mosquera,1,2,5.3,1,Arsenal,ARS,2,DEF,Bournemouth,1
666,Gyökeres,1,4,8.8,1,Arsenal,ARS,4,FWD,Bournemouth,1
700,Dowman,1,3,4.2,1,Arsenal,ARS,3,MID,Bournemouth,1
711,Harriman-Annous,1,3,4.4,1,Arsenal,ARS,3,MID,Bournemouth,1
725,Hincapie,1,2,5.1,1,Arsenal,ARS,2,DEF,Bournemouth,1
759,Salmon,1,2,4.0,1,Arsenal,ARS,2,DEF,Bournemouth,1
32,Martinez,2,1,5.1,2,Aston Villa,AVL,1,GKP,Nott'm Forest,0
33,M.Bizot,2,1,4.2,2,Aston Villa,AVL,1,GKP,Nott'm Forest,0
34,Gauci,2,1,4.0,2,Aston Villa,AVL,1,GKP,Nott'm Forest,0
35,Marschall,2,1,4.0,2,Aston Villa,AVL,1,GKP,Nott'm Forest,0
36,Cash,2,2,4.7,2,Aston Villa,AVL,2,DEF,Nott'm Forest,0
37,Digne,2,2,4.5,2,Aston Villa,AVL,2,DEF,Nott'm Forest,0
38,Konsa,2,2,4.4,2,Aston Villa,AVL,2,DEF,Nott'm Forest,0
39,Maatsen,2,2,4.2,2,Aston Villa,AVL,2,DEF,Nott'm Forest,0
40,Mings,2,2,4.3,2,Aston Villa,AVL,2,DEF,Nott'm Forest,0
41,Pau,2,2,4.3,2,Aston Villa,AVL,2,DEF,Nott'm Forest,0
42,A.García,2,2,3.9,2,Aston Villa,AVL,2,DEF,Nott'm Forest,0
43,Alex Moreno,2,2,4.0,2,Aston Villa,AVL,2,DEF,Nott'm Forest,0
44,Bogarde,2,2,4.0,2,Aston Villa,AVL,2,DEF,Nott'm Forest,0
45,Sousa,2,2,3.8,2,Aston Villa,AVL,2,DEF,Nott'm Forest,0
46,Yasin,2,2,4.0,2,Aston Villa,AVL,2,DEF,Nott'm Forest,0
47,Rogers,2,3,7.5,2,Aston Villa,AVL,3,MID,Nott'm Forest,0
48,Tielemans,2,3,5.9,2,Aston Villa,AVL,3,MID,Nott'm Forest,0
49,Bailey,2,3,5.5,2,Aston Villa,AVL,3,MID,Nott'm Forest,0
50,Buendía,2,3,5.3,2,Aston Villa,AVL,3,MID,Nott'm Forest,0
51,Iling Jr,2,3,5.5,2,Aston Villa,AVL,3,MID,Nott'm Forest,0
53,Malen,2,3,5.1,2,Aston Villa,AVL,3,MID,Nott'm Forest,0
54,McGinn,2,3,5.3,2,Aston Villa,AVL,3,MID,Nott'm Forest,0
55,Barkley,2,3,4.8,2,Aston Villa,AVL,3,MID,Nott'm Forest,0
56,Barrenechea,2,3,5.0,2,Aston Villa,AVL,3,MID,Nott'm Forest,0
57,Dobbin,2,3,5.0,2,Aston Villa,AVL,3,MID,Nott'm Forest,0
58,Kamara,2,3,4.9,2,Aston Villa,AVL,3,MID,Nott'm Forest,0
59,Onana,2,3,4.8,2,Aston Villa,AVL,3,MID,Nott'm Forest,0
60,Broggio,2,3,4.4,2,Aston Villa,AVL,3,MID,Nott'm Forest,0
61,Dendoncker,2,3,4.5,2,Aston Villa,AVL,3,MID,Nott'm Forest,0
62,Jimoh-Aloba,2,3,4.5,2,Aston Villa,AVL,3,MID,Nott'm Forest,0
63,Young,2,3,4.3,2,Aston Villa,AVL,3,MID,Nott'm Forest,0
64,Watkins,2,4,8.5,2,Aston Villa,AVL,4,FWD,Nott'm Forest,0
65,Redmond,2,4,4.5,2,Aston Villa,AVL,4,FWD,Nott'm Forest,0
389,Elliott,2,3,5.1,2,Aston Villa,AVL,3,MID,Nott'm Forest,0
456,Sancho,2,3,5.8,2,Aston Villa,AVL,3,MID,Nott'm Forest,0
688,Wright,2,1,3.9,2,Aston Villa,AVL,1,GKP,Nott'm Forest,0
699,Douglas Luiz,2,3,4.9,2,Aston Villa,AVL,3,MID,Nott'm Forest,0
701,Rowe,2,2,4.0,2,Aston Villa,AVL,2,DEF,Nott'm Forest,0
702,Burrowes,2,3,4.4,2,Aston Villa,AVL,3,MID,Nott'm Forest,0
703,Proctor,2,1,3.9,2,Aston Villa,AVL,1,GKP,Nott'm Forest,0
710,Patterson,2,2,3.9,2,Aston Villa,AVL,2,DEF,Nott'm Forest,0
719,Lindelöf,2,2,4.5,2,Aston Villa,AVL,2,DEF,Nott'm Forest,0
754,George Hemmings,2,3,4.5,2,Aston Villa,AVL,3,MID,Nott'm Forest,0
757,Hollingshead,2,1,4.0,2,Aston Villa,AVL,1,GKP,Nott'm Forest,0
768,Leon Routh,2,2,4.0,2,Aston Villa,AVL,2,DEF,Nott'm Forest,0
781,Carroll,2,2,4.0,2,Aston Villa,AVL,2,DEF,Nott'm Forest,0
792,Alysson,2,3,5.0,2,Aston Villa,AVL,3,MID,Nott'm Forest,0
808,Abraham,2,4,6.0,2,Aston Villa,AVL,4,FWD,Nott'm Forest,0
183,Weiss,3,1,4.3,3,Burnley,BUR,1,GKP,Brighton,1
184,Green,3,1,4.0,3,Burnley,BUR,1,GKP,Brighton,1
185,Hladký,3,1,3.9,3,Burnley,BUR,1,GKP,Brighton,1
186,Roberts,3,2,4.3,3,Burnley,BUR,2,DEF,Brighton,1
187,Walker,3,2,4.4,3,Burnley,BUR,2,DEF,Brighton,1
188,Delcroix,3,2,3.8,3,Burnley,BUR,2,DEF,Brighton,1
189,Dodgson,3,2,4.0,3,Burnley,BUR,2,DEF,Brighton,1
190,Ekdal,3,2,3.8,3,Burnley,BUR,2,DEF,Brighton,1
191,Estève,3,2,3.9,3,Burnley,BUR,2,DEF,Brighton,1
192,Hartman,3,2,4.0,3,Burnley,BUR,2,DEF,Brighton,1
193,Humphreys,3,2,3.9,3,Burnley,BUR,2,DEF,Brighton,1
194,Jordan,3,2,3.9,3,Burnley,BUR,2,DEF,Brighton,1
195,Lucas Pires,3,2,3.8,3,Burnley,BUR,2,DEF,Brighton,1
196,Sambo,3,2,4.0,3,Burnley,BUR,2,DEF,Brighton,1
197,Sonne,3,2,3.8,3,Burnley,BUR,2,DEF,Brighton,1
198,Tuanzebe,3,2,3.9,3,Burnley,BUR,2,DEF,Brighton,1
199,Worrall,3,2,3.8,3,Burnley,BUR,2,DEF,Brighton,1
200,Anthony,3,3,5.0,3,Burnley,BUR,3,MID,Brighton,1
201,Benson,3,3,5.4,3,Burnley,BUR,3,MID,Brighton,1
202,Bruun Larsen,3,3,5.3,3,Burnley,BUR,3,MID,Brighton,1
203,Boateng,3,3,4.7,3,Burnley,BUR,3,MID,Brighton,1
204,Churlinov,3,3,4.9,3,Burnley,BUR,3,MID,Brighton,1
205,Cullen,3,3,4.9,3,Burnley,BUR,3,MID,Brighton,1
206,Edwards,3,3,4.7,3,Burnley,BUR,3,MID,Brighton,1
207,Hannibal,3,3,4.7,3,Burnley,BUR,3,MID,Brighton,1
208,Koleosho,3,3,5.0,3,Burnley,BUR,3,MID,Brighton,1
209,Laurent,3,3,4.8,3,Burnley,BUR,3,MID,Brighton,1
210,Tchaouna,3,3,4.9,3,Burnley,BUR,3,MID,Brighton,1
211,A.Ramsey,3,3,4.4,3,Burnley,BUR,3,MID,Brighton,1
212,Adewumi,3,3,4.5,3,Burnley,BUR,3,MID,Brighton,1
213,Banel,3,3,4.5,3,Burnley,BUR,3,MID,Brighton,1
214,Trésor,3,3,4.3,3,Burnley,BUR,3,MID,Brighton,1
215,Flemming,3,4,5.3,3,Burnley,BUR,4,FWD,Brighton,1
216,Amdouni,3,4,4.8,3,Burnley,BUR,4,FWD,Brighton,1
217,Foster,3,4,4.9,3,Burnley,BUR,4,FWD,Brighton,1
218,Barnes,3,4,4.2,3,Burnley,BUR,4,FWD,Brighton,1
219,Obafemi,3,4,4.4,3,Burnley,BUR,4,FWD,Brighton,1
470,Dúbravka,3,1,4.0,3,Burnley,BUR,1,GKP,Brighton,1
614,Ward-Prowse,3,3,5.6,3,Burnley,BUR,3,MID,Brighton,1
676,Ugochukwu,3,3,5.0,3,Burnley,BUR,3,MID,Brighton,1
680,Broja,3,4,5.2,3,Burnley,BUR,4,FWD,Brighton,1
722,Florentino,3,3,5.0,3,Burnley,BUR,3,MID,Brighton,1
776,Pimlott,3,3,4.5,3,Burnley,BUR,3,MID,Brighton,1
784,Brierley,3,3,4.5,3,Burnley,BUR,3,MID,Brighton,1
820,McMahon-Brown,3,3,4.5,3,Burnley,BUR,3,MID,Brighton,1
66,Neto,4,1,4.5,4,Bournemouth,BOU,1,GKP,Arsenal,0
67,Petrović,4,1,4.5,4,Bournemouth,BOU,1,GKP,Arsenal,0
68,Dennis,4,1,4.0,4,Bournemouth,BOU,1,GKP,Arsenal,0
69,McKenna,4,1,3.9,4,Bournemouth,BOU,1,GKP,Arsenal,0
70,Paulsen,4,1,4.0,4,Bournemouth,BOU,1,GKP,Arsenal,0
71,Zabarnyi,4,2,5.0,4,Bournemouth,BOU,2,DEF,Arsenal,0
72,Senesi,4,2,5.1,4,Bournemouth,BOU,2,DEF,Arsenal,0
73,Smith,4,2,4.4,4,Bournemouth,BOU,2,DEF,Arsenal,0
74,Truffert,4,2,4.7,4,Bournemouth,BOU,2,DEF,Arsenal,0
75,Akinmboni,4,2,3.8,4,Bournemouth,BOU,2,DEF,Arsenal,0
76,Bevan,4,2,3.8,4,Bournemouth,BOU,2,DEF,Arsenal,0
77,Hill,4,2,4.2,4,Bournemouth,BOU,2,DEF,Arsenal,0
78,J.Araujo,4,2,3.8,4,Bournemouth,BOU,2,DEF,Arsenal,0
79,Mepham,4,2,4.0,4,Bournemouth,BOU,2,DEF,Arsenal,0
80,Soler,4,2,4.0,4,Bournemouth,BOU,2,DEF,Arsenal,0
81,Kluivert,4,3,6.9,4,Bournemouth,BOU,3,MID,Arsenal,0
84,Tavernier,4,3,5.4,4,Bournemouth,BOU,3,MID,Arsenal,0
85,Adams,4,3,4.9,4,Bournemouth,BOU,3,MID,Arsenal,0
86,Brooks,4,3,5.0,4,Bournemouth,BOU,3,MID,Arsenal,0
87,Christie,4,3,4.9,4,Bournemouth,BOU,3,MID,Arsenal,0
88,Cook,4,3,4.9,4,Bournemouth,BOU,3,MID,Arsenal,0
89,Philip,4,3,4.9,4,Bournemouth,BOU,3,MID,Arsenal,0
90,Scott,4,3,5.0,4,Bournemouth,BOU,3,MID,Arsenal,0
91,Sinisterra,4,3,5.0,4,Bournemouth,BOU,3,MID,Arsenal,0
92,Faivre,4,3,4.5,4,Bournemouth,BOU,3,MID,Arsenal,0
93,H.Traorè,4,3,4.5,4,Bournemouth,BOU,3,MID,Arsenal,0
94,Sadi,4,3,4.5,4,Bournemouth,BOU,3,MID,Arsenal,0
95,Silcott-Duberry,4,3,4.4,4,Bournemouth,BOU,3,MID,Arsenal,0
96,Winterburn,4,3,4.5,4,Bournemouth,BOU,3,MID,Arsenal,0
97,Evanilson,4,4,6.8,4,Bournemouth,BOU,4,FWD,Arsenal,0
98,Enes Ünal,4,4,5.4,4,Bournemouth,BOU,4,FWD,Arsenal,0
99,Adu-Adjei,4,4,4.4,4,Bournemouth,BOU,4,FWD,Arsenal,0
100,Kroupi.Jr,4,4,4.7,4,Bournemouth,BOU,4,FWD,Arsenal,0
391,Gannon-Doak,4,3,4.8,4,Bournemouth,BOU,3,MID,Arsenal,0
685,Diakité,4,2,4.2,4,Bournemouth,BOU,2,DEF,Arsenal,0
687,Rees-Dottin,4,3,4.3,4,Bournemouth,BOU,3,MID,Arsenal,0
697,Adli,4,3,5.4,4,Bournemouth,BOU,3,MID,Arsenal,0
713,A.Jimenez,4,2,4.5,4,Bournemouth,BOU,2,DEF,Arsenal,0
721,Milosavljević,4,2,4.4,4,Bournemouth,BOU,2,DEF,Arsenal,0
756,DaCosta,4,3,4.5,4,Bournemouth,BOU,3,MID,Arsenal,0
782,Forster,4,1,4.0,4,Bournemouth,BOU,1,GKP,Arsenal,0
799,Stevens,4,3,4.5,4,Bournemouth,BOU,3,MID,Arsenal,0
801,Tóth.A,4,3,4.9,4,Bournemouth,BOU,3,MID,Arsenal,0
806,Mandas,4,1,4.0,4,Bournemouth,BOU,1,GKP,Arsenal,0
807,Rayan,4,3,5.6,4,Bournemouth,BOU,3,MID,Arsenal,0
27,Nelson,5,3,4.8,5,Brentford,BRE,3,MID,Everton,1
83,O.Dango,5,3,6.0,5,Brentford,BRE,3,MID,Everton,1
101,Kelleher,5,1,4.8,5,Brentford,BRE,1,GKP,Everton,1
102,Balcombe,5,1,3.9,5,Brentford,BRE,1,GKP,Everton,1
103,Cox,5,1,3.9,5,Brentford,BRE,1,GKP,Everton,1
104,Eyestone,5,1,3.9,5,Brentford,BRE,1,GKP,Everton,1
105,Valdimarsson,5,1,3.9,5,Brentford,BRE,1,GKP,Everton,1
106,Collins,5,2,4.9,5,Brentford,BRE,2,DEF,Everton,1
107,Lewis-Potter,5,2,4.8,5,Brentford,BRE,2,DEF,Everton,1
108,Ajer,5,2,4.4,5,Brentford,BRE,2,DEF,Everton,1
109,Henry,5,2,4.3,5,Brentford,BRE,2,DEF,Everton,1
110,Kayode,5,2,4.5,5,Brentford,BRE,2,DEF,Everton,1
111,Pinnock,5,2,4.2,5,Brentford,BRE,2,DEF,Everton,1
112,Roerslev,5,2,4.5,5,Brentford,BRE,2,DEF,Everton,1
113,Van den Berg,5,2,4.6,5,Brentford,BRE,2,DEF,Everton,1
114,Arthur,5,2,3.8,5,Brentford,BRE,2,DEF,Everton,1
115,Fredrick,5,2,4.0,5,Brentford,BRE,2,DEF,Everton,1
116,Hickey,5,2,4.0,5,Brentford,BRE,2,DEF,Everton,1
117,Ji-soo,5,2,3.9,5,Brentford,BRE,2,DEF,Everton,1
118,Meghoma,5,2,4.0,5,Brentford,BRE,2,DEF,Everton,1
120,Schade,5,3,6.9,5,Brentford,BRE,3,MID,Everton,1
121,Damsgaard,5,3,5.6,5,Brentford,BRE,3,MID,Everton,1
122,Milambo,5,3,5.2,5,Brentford,BRE,3,MID,Everton,1
123,Carvalho,5,3,4.6,5,Brentford,BRE,3,MID,Everton,1
124,Henderson,5,3,5.0,5,Brentford,BRE,3,MID,Everton,1
125,Janelt,5,3,4.9,5,Brentford,BRE,3,MID,Everton,1
126,Jensen,5,3,4.9,5,Brentford,BRE,3,MID,Everton,1
127,Nunes,5,3,4.9,5,Brentford,BRE,3,MID,Everton,1
128,Onyeka,5,3,4.8,5,Brentford,BRE,3,MID,Everton,1
129,Yarmoliuk,5,3,5.0,5,Brentford,BRE,3,MID,Everton,1
130,Donovan,5,3,4.4,5,Brentford,BRE,3,MID,Everton,1
131,Konak,5,3,4.3,5,Brentford,BRE,3,MID,Everton,1
132,Maghoma,5,3,4.5,5,Brentford,BRE,3,MID,Everton,1
133,Peart-Harris,5,3,4.4,5,Brentford,BRE,3,MID,Everton,1
134,Trevitt,5,3,4.5,5,Brentford,BRE,3,MID,Everton,1
136,Thiago,5,4,7.3,5,Brentford,BRE,4,FWD,Everton,1
137,Morgan,5,4,4.4,5,Brentford,BRE,4,FWD,Everton,1
748,Dasilva,5,3,4.9,5,Brentford,BRE,3,MID,Everton,1
797,Furo,5,4,4.5,5,Brentford,BRE,4,FWD,Everton,1
810,Bentt,5,3,4.5,5,Brentford,BRE,3,MID,Everton,1
819,Shield,5,2,4.0,5,Brentford,BRE,2,DEF,Everton,1
823,Stephenson,5,2,4.0,5,Brentford,BRE,2,DEF,Everton,1
824,McManus,5,2,4.0,5,Brentford,BRE,2,DEF,Everton,1
138,Steele,6,1,4.2,6,Brighton,BHA,1,GKP,Burnley,0
139,Verbruggen,6,1,4.5,6,Brighton,BHA,1,GKP,Burnley,0
140,McGill,6,1,3.9,6,Brighton,BHA,1,GKP,Burnley,0
141,Rushworth,6,1,4.0,6,Brighton,BHA,1,GKP,Burnley,0
142,Scherpen,6,1,4.0,6,Brighton,BHA,1,GKP,Burnley,0
143,Boscagli,6,2,4.2,6,Brighton,BHA,2,DEF,Burnley,0
144,Coppola,6,2,4.2,6,Brighton,BHA,2,DEF,Burnley,0
145,De Cuyper,6,2,4.3,6,Brighton,BHA,2,DEF,Burnley,0
146,Dunk,6,2,4.5,6,Brighton,BHA,2,DEF,Burnley,0
147,Estupiñan,6,2,4.5,6,Brighton,BHA,2,DEF,Burnley,0
148,F.Kadıoğlu,6,2,4.4,6,Brighton,BHA,2,DEF,Burnley,0
149,Igor,6,2,4.5,6,Brighton,BHA,2,DEF,Burnley,0
150,Lamptey,6,2,4.4,6,Brighton,BHA,2,DEF,Burnley,0
151,Van Hecke,6,2,4.5,6,Brighton,BHA,2,DEF,Burnley,0
152,Veltman,6,2,4.3,6,Brighton,BHA,2,DEF,Burnley,0
153,Webster,6,2,4.4,6,Brighton,BHA,2,DEF,Burnley,0
154,Cashin,6,2,4.0,6,Brighton,BHA,2,DEF,Burnley,0
155,Slater,6,2,4.0,6,Brighton,BHA,2,DEF,Burnley,0
156,Tasker,6,2,3.8,6,Brighton,BHA,2,DEF,Burnley,0
157,Mitoma,6,3,6.1,6,Brighton,BHA,3,MID,Burnley,0
158,Georginio,6,3,5.6,6,Brighton,BHA,3,MID,Burnley,0
159,March,6,3,5.8,6,Brighton,BHA,3,MID,Burnley,0
160,Minteh,6,3,5.5,6,Brighton,BHA,3,MID,Burnley,0
161,Enciso,6,3,5.4,6,Brighton,BHA,3,MID,Burnley,0
162,Gruda,6,3,5.4,6,Brighton,BHA,3,MID,Burnley,0
163,Hinshelwood,6,3,5.1,6,Brighton,BHA,3,MID,Burnley,0
164,O'Riley,6,3,5.5,6,Brighton,BHA,3,MID,Burnley,0
165,Sima,6,3,5.4,6,Brighton,BHA,3,MID,Burnley,0
166,Ayari,6,3,4.8,6,Brighton,BHA,3,MID,Burnley,0
167,Baleba,6,3,4.5,6,Brighton,BHA,3,MID,Burnley,0
169,Gomez,6,3,4.9,6,Brighton,BHA,3,MID,Burnley,0
170,Milner,6,3,4.9,6,Brighton,BHA,3,MID,Burnley,0
171,Sarmiento,6,3,4.9,6,Brighton,BHA,3,MID,Burnley,0
172,Watson,6,3,4.8,6,Brighton,BHA,3,MID,Burnley,0
173,Wieffer,6,3,4.9,6,Brighton,BHA,3,MID,Burnley,0
174,Yalcouye,6,3,5.0,6,Brighton,BHA,3,MID,Burnley,0
175,Knight,6,3,4.4,6,Brighton,BHA,3,MID,Burnley,0
176,Mazilu,6,3,4.5,6,Brighton,BHA,3,MID,Burnley,0
177,Moran,6,3,4.5,6,Brighton,BHA,3,MID,Burnley,0
178,Welbeck,6,4,6.2,6,Brighton,BHA,4,FWD,Burnley,0
179,Ferguson,6,4,5.5,6,Brighton,BHA,4,FWD,Burnley,0
180,Tzimas,6,4,5.2,6,Brighton,BHA,4,FWD,Burnley,0
181,Kostoulas,6,4,4.8,6,Brighton,BHA,4,FWD,Burnley,0
744,Oriola,6,3,4.5,6,Brighton,BHA,3,MID,Burnley,0
761,Simmonds,6,2,4.0,6,Brighton,BHA,2,DEF,Burnley,0
783,Groß,6,3,5.5,6,Brighton,BHA,3,MID,Burnley,0
795,Howell,6,3,4.5,6,Brighton,BHA,3,MID,Burnley,0
220,Sánchez,7,1,4.8,7,Chelsea,CHE,1,GKP,Man City,1
221,Jörgensen,7,1,4.3,7,Chelsea,CHE,1,GKP,Man City,1
222,Penders,7,1,4.0,7,Chelsea,CHE,1,GKP,Man City,1
223,Slonina,7,1,3.9,7,Chelsea,CHE,1,GKP,Man City,1
224,Cucurella,7,2,6.0,7,Chelsea,CHE,2,DEF,Man City,1
225,James,7,2,5.6,7,Chelsea,CHE,2,DEF,Man City,1
226,Chalobah,7,2,5.5,7,Chelsea,CHE,2,DEF,Man City,1
227,Colwill,7,2,4.7,7,Chelsea,CHE,2,DEF,Man City,1
228,Gusto,7,2,4.9,7,Chelsea,CHE,2,DEF,Man City,1
229,B.Badiashile,7,2,4.4,7,Chelsea,CHE,2,DEF,Man City,1
230,Fofana,7,2,4.4,7,Chelsea,CHE,2,DEF,Man City,1
231,M.Sarr,7,2,4.5,7,Chelsea,CHE,2,DEF,Man City,1
232,Tosin,7,2,4.0,7,Chelsea,CHE,2,DEF,Man City,1
233,Acheampong,7,2,3.7,7,Chelsea,CHE,2,DEF,Man City,1
234,Anselmino,7,2,4.0,7,Chelsea,CHE,2,DEF,Man City,1
235,Palmer,7,3,10.6,7,Chelsea,CHE,3,MID,Man City,1
236,Neto,7,3,7.0,7,Chelsea,CHE,3,MID,Man City,1
237,Enzo,7,3,6.6,7,Chelsea,CHE,3,MID,Man City,1
238,Estêvão,7,3,6.4,7,Chelsea,CHE,3,MID,Man City,1
239,Gittens,7,3,6.0,7,Chelsea,CHE,3,MID,Man City,1
240,Nkunku,7,3,5.9,7,Chelsea,CHE,3,MID,Man City,1
241,Caicedo,7,3,5.7,7,Chelsea,CHE,3,MID,Man City,1
244,Lavia,7,3,4.9,7,Chelsea,CHE,3,MID,Man City,1
245,Mudryk,7,3,4.9,7,Chelsea,CHE,3,MID,Man City,1
246,Andrey Santos,7,3,4.5,7,Chelsea,CHE,3,MID,Man City,1
247,D.Essugo,7,3,4.3,7,Chelsea,CHE,3,MID,Man City,1
248,Paez,7,3,4.5,7,Chelsea,CHE,3,MID,Man City,1
249,João Pedro,7,4,7.8,7,Chelsea,CHE,4,FWD,Man City,1
250,Delap,7,4,6.2,7,Chelsea,CHE,4,FWD,Man City,1
251,N.Jackson,7,4,6.5,7,Chelsea,CHE,4,FWD,Man City,1
252,Marc Guiu,7,4,4.1,7,Chelsea,CHE,4,FWD,Man City,1
453,Garnacho,7,3,6.4,7,Chelsea,CHE,3,MID,Man City,1
672,Hato,7,2,4.6,7,Chelsea,CHE,2,DEF,Man City,1
743,Emenalo,7,3,4.5,7,Chelsea,CHE,3,MID,Man City,1
789,Merrick,7,1,4.0,7,Chelsea,CHE,1,GKP,Man City,1
803,Sharman-Lowe,7,1,4.0,7,Chelsea,CHE,1,GKP,Man City,1
253,Henderson,8,1,5.0,8,Crystal Palace,CRY,1,GKP,Newcastle,1
254,Benitez,8,1,4.0,8,Crystal Palace,CRY,1,GKP,Newcastle,1
255,Matthews,8,1,3.9,8,Crystal Palace,CRY,1,GKP,Newcastle,1
256,Muñoz,8,2,5.8,8,Crystal Palace,CRY,2,DEF,Newcastle,1
257,Lacroix,8,2,5.1,8,Crystal Palace,CRY,2,DEF,Newcastle,1
258,Mitchell,8,2,5.0,8,Crystal Palace,CRY,2,DEF,Newcastle,1
259,Sosa,8,2,4.8,8,Crystal Palace,CRY,2,DEF,Newcastle,1
261,Richards,8,2,4.4,8,Crystal Palace,CRY,2,DEF,Newcastle,1
262,Chadi Riad,8,2,4.0,8,Crystal Palace,CRY,2,DEF,Newcastle,1
263,Clyne,8,2,3.8,8,Crystal Palace,CRY,2,DEF,Newcastle,1
264,Holding,8,2,4.0,8,Crystal Palace,CRY,2,DEF,Newcastle,1
265,Kporha,8,2,4.0,8,Crystal Palace,CRY,2,DEF,Newcastle,1
267,Sarr,8,3,6.3,8,Crystal Palace,CRY,3,MID,Newcastle,1
268,Doucouré,8,3,4.9,8,Crystal Palace,CRY,3,MID,Newcastle,1
269,Esse,8,3,4.7,8,Crystal Palace,CRY,3,MID,Newcastle,1
270,Hughes,8,3,4.7,8,Crystal Palace,CRY,3,MID,Newcastle,1
271,Kamada,8,3,5.0,8,Crystal Palace,CRY,3,MID,Newcastle,1
272,Lerma,8,3,4.9,8,Crystal Palace,CRY,3,MID,Newcastle,1
273,Wharton,8,3,5.0,8,Crystal Palace,CRY,3,MID,Newcastle,1
274,Agbinone,8,3,4.3,8,Crystal Palace,CRY,3,MID,Newcastle,1
275,Ahamada,8,3,4.3,8,Crystal Palace,CRY,3,MID,Newcastle,1
276,Devenny,8,3,4.3,8,Crystal Palace,CRY,3,MID,Newcastle,1
277,Ebiowei,8,3,4.5,8,Crystal Palace,CRY,3,MID,Newcastle,1
278,J.Rak-Sakyi,8,3,4.4,8,Crystal Palace,CRY,3,MID,Newcastle,1
279,M.França,8,3,4.5,8,Crystal Palace,CRY,3,MID,Newcastle,1
280,Ozoh,8,3,4.5,8,Crystal Palace,CRY,3,MID,Newcastle,1
281,Rodney,8,3,4.4,8,Crystal Palace,CRY,3,MID,Newcastle,1
282,Umeh,8,3,4.5,8,Crystal Palace,CRY,3,MID,Newcastle,1
283,Mateta,8,4,7.5,8,Crystal Palace,CRY,4,FWD,Newcastle,1
284,Nketiah,8,4,5.4,8,Crystal Palace,CRY,4,FWD,Newcastle,1
285,Édouard,8,4,5.0,8,Crystal Palace,CRY,4,FWD,Newcastle,1
286,Marsh,8,4,4.4,8,Crystal Palace,CRY,4,FWD,Newcastle,1
580,Johnson,8,3,6.5,8,Crystal Palace,CRY,3,MID,Newcastle,1
654,Strand Larsen,8,4,6.1,8,Crystal Palace,CRY,4,FWD,Newcastle,1
677,Guessand,8,3,6.2,8,Crystal Palace,CRY,3,MID,Newcastle,1
690,Cardines,8,3,4.4,8,Crystal Palace,CRY,3,MID,Newcastle,1
712,Yeremy,8,3,5.8,8,Crystal Palace,CRY,3,MID,Newcastle,1
723,Canvot,8,2,4.5,8,Crystal Palace,CRY,2,DEF,Newcastle,1
732,Uche,8,4,5.5,8,Crystal Palace,CRY,4,FWD,Newcastle,1
762,Drakes-Thomas,8,3,4.5,8,Crystal Palace,CRY,3,MID,Newcastle,1
773,Benamar,8,2,4.0,8,Crystal Palace,CRY,2,DEF,Newcastle,1
780,Casey,8,4,4.5,8,Crystal Palace,CRY,4,FWD,Newcastle,1
793,King,8,2,4.0,8,Crystal Palace,CRY,2,DEF,Newcastle,1
798,Imray,8,2,4.0,8,Crystal Palace,CRY,2,DEF,Newcastle,1
242,Dewsbury-Hall,9,3,5.1,9,Everton,EVE,3,MID,Brentford,0
243,George,9,3,4.8,9,Everton,EVE,3,MID,Brentford,0
287,Pickford,9,1,5.6,9,Everton,EVE,1,GKP,Brentford,0
288,Travers,9,1,4.3,9,Everton,EVE,1,GKP,Brentford,0
289,Tyrer,9,1,3.9,9,Everton,EVE,1,GKP,Brentford,0
290,Branthwaite,9,2,5.3,9,Everton,EVE,2,DEF,Brentford,0
291,Tarkowski,9,2,5.7,9,Everton,EVE,2,DEF,Brentford,0
292,Mykolenko,9,2,4.9,9,Everton,EVE,2,DEF,Brentford,0
293,O'Brien,9,2,4.9,9,Everton,EVE,2,DEF,Brentford,0
294,Coleman,9,2,4.2,9,Everton,EVE,2,DEF,Brentford,0
295,Keane,9,2,4.6,9,Everton,EVE,2,DEF,Brentford,0
296,Patterson,9,2,4.4,9,Everton,EVE,2,DEF,Brentford,0
297,Dixon,9,2,3.8,9,Everton,EVE,2,DEF,Brentford,0
298,Welch,9,2,3.8,9,Everton,EVE,2,DEF,Brentford,0
299,Ndiaye,9,3,6.2,9,Everton,EVE,3,MID,Brentford,0
300,McNeil,9,3,5.5,9,Everton,EVE,3,MID,Brentford,0
301,Alcaraz,9,3,5.2,9,Everton,EVE,3,MID,Brentford,0
302,Gana,9,3,5.4,9,Everton,EVE,3,MID,Brentford,0
303,Garner,9,3,5.2,9,Everton,EVE,3,MID,Brentford,0
304,Iroegbunam,9,3,4.8,9,Everton,EVE,3,MID,Brentford,0
305,Armstrong,9,3,4.5,9,Everton,EVE,3,MID,Brentford,0
306,Bates,9,3,4.3,9,Everton,EVE,3,MID,Brentford,0
307,Ebere,9,3,4.4,9,Everton,EVE,3,MID,Brentford,0
308,Heath,9,3,4.5,9,Everton,EVE,3,MID,Brentford,0
309,Metcalfe,9,3,4.5,9,Everton,EVE,3,MID,Brentford,0
310,Barry,9,4,5.7,9,Everton,EVE,4,FWD,Brentford,0
311,Beto,9,4,5.0,9,Everton,EVE,4,FWD,Brentford,0
312,Y.Chermiti,9,4,4.9,9,Everton,EVE,4,FWD,Brentford,0
313,Sherif,9,4,4.4,9,Everton,EVE,4,FWD,Brentford,0
419,Grealish,9,3,6.3,9,Everton,EVE,3,MID,Brentford,0
630,King,9,1,3.9,9,Everton,EVE,1,GKP,Brentford,0
667,Aznou,9,2,4.2,9,Everton,EVE,2,DEF,Brentford,0
704,Onyango,9,3,4.5,9,Everton,EVE,3,MID,Brentford,0
705,Campbell,9,2,3.9,9,Everton,EVE,2,DEF,Brentford,0
707,Dibling,9,3,5.3,9,Everton,EVE,3,MID,Brentford,0
728,Röhl,9,3,5.0,9,Everton,EVE,3,MID,Brentford,0
779,Graham,9,4,4.5,9,Everton,EVE,4,FWD,Brentford,0
314,Leno,10,1,4.9,10,Fulham,FUL,1,GKP,Liverpool,0
315,Benda,10,1,4.0,10,Fulham,FUL,1,GKP,Liverpool,0
316,Robinson,10,2,4.9,10,Fulham,FUL,2,DEF,Liverpool,0
317,Andersen,10,2,4.6,10,Fulham,FUL,2,DEF,Liverpool,0
318,Bassey,10,2,4.4,10,Fulham,FUL,2,DEF,Liverpool,0
319,Castagne,10,2,4.3,10,Fulham,FUL,2,DEF,Liverpool,0
320,Diop,10,2,4.3,10,Fulham,FUL,2,DEF,Liverpool,0
321,J.Cuenca,10,2,4.3,10,Fulham,FUL,2,DEF,Liverpool,0
322,Tete,10,2,4.5,10,Fulham,FUL,2,DEF,Liverpool,0
323,Amissah,10,2,3.8,10,Fulham,FUL,2,DEF,Liverpool,0
324,Iwobi,10,3,6.4,10,Fulham,FUL,3,MID,Liverpool,0
325,Smith Rowe,10,3,5.6,10,Fulham,FUL,3,MID,Liverpool,0
327,Andreas,10,3,5.3,10,Fulham,FUL,3,MID,Liverpool,0
328,Sessegnon,10,3,5.4,10,Fulham,FUL,3,MID,Liverpool,0
329,Wilson,10,3,6.1,10,Fulham,FUL,3,MID,Liverpool,0
330,Berge,10,3,4.9,10,Fulham,FUL,3,MID,Liverpool,0
331,Cairney,10,3,4.8,10,Fulham,FUL,3,MID,Liverpool,0
332,Lukić,10,3,4.9,10,Fulham,FUL,3,MID,Liverpool,0
333,Godo,10,3,4.5,10,Fulham,FUL,3,MID,Liverpool,0
334,Harris,10,3,4.5,10,Fulham,FUL,3,MID,Liverpool,0
335,King,10,3,4.4,10,Fulham,FUL,3,MID,Liverpool,0
336,Reed,10,3,4.3,10,Fulham,FUL,3,MID,Liverpool,0
337,Raúl,10,4,6.2,10,Fulham,FUL,4,FWD,Liverpool,0
338,Muniz,10,4,5.3,10,Fulham,FUL,4,FWD,Liverpool,0
424,Bobb,10,3,5.1,10,Fulham,FUL,3,MID,Liverpool,0
664,Lecomte,10,1,3.9,10,Fulham,FUL,1,GKP,Liverpool,0
727,Chukwueze,10,3,5.3,10,Fulham,FUL,3,MID,Liverpool,0
731,Kevin,10,3,5.8,10,Fulham,FUL,3,MID,Liverpool,0
737,Kusi-Asare,10,4,4.5,10,Fulham,FUL,4,FWD,Liverpool,0
770,Ridgeon,10,3,4.5,10,Fulham,FUL,3,MID,Liverpool,0
786,McNally,10,1,4.0,10,Fulham,FUL,1,GKP,Liverpool,0
168,Buonanotte,11,3,4.6,11,Leeds,LEE,3,MID,Man Utd,0
339,Meslier,11,1,4.1,11,Leeds,LEE,1,GKP,Man Utd,0
340,Cairns,11,1,3.9,11,Leeds,LEE,1,GKP,Man Utd,0
341,Darlow,11,1,3.9,11,Leeds,LEE,1,GKP,Man Utd,0
342,Bogle,11,2,4.4,11,Leeds,LEE,2,DEF,Man Utd,0
343,Struijk,11,2,4.3,11,Leeds,LEE,2,DEF,Man Utd,0
344,Bijol,11,2,3.9,11,Leeds,LEE,2,DEF,Man Utd,0
345,Bornauw,11,2,3.8,11,Leeds,LEE,2,DEF,Man Utd,0
346,Byram,11,2,3.7,11,Leeds,LEE,2,DEF,Man Utd,0
347,Gudmundsson,11,2,3.8,11,Leeds,LEE,2,DEF,Man Utd,0
348,Rodon,11,2,3.9,11,Leeds,LEE,2,DEF,Man Utd,0
349,Schmidt,11,2,4.0,11,Leeds,LEE,2,DEF,Man Utd,0
350,Aaronson,11,3,5.4,11,Leeds,LEE,3,MID,Man Utd,0
351,Gnonto,11,3,5.1,11,Leeds,LEE,3,MID,Man Utd,0
352,Harrison,11,3,5.1,11,Leeds,LEE,3,MID,Man Utd,0
353,James,11,3,5.2,11,Leeds,LEE,3,MID,Man Utd,0
354,Ampadu,11,3,4.9,11,Leeds,LEE,3,MID,Man Utd,0
355,Greenwood,11,3,4.9,11,Leeds,LEE,3,MID,Man Utd,0
356,Gruev,11,3,4.7,11,Leeds,LEE,3,MID,Man Utd,0
357,Ramazani,11,3,4.9,11,Leeds,LEE,3,MID,Man Utd,0
358,Tanaka,11,3,4.8,11,Leeds,LEE,3,MID,Man Utd,0
359,Crew,11,3,4.5,11,Leeds,LEE,3,MID,Man Utd,0
360,Gelhardt,11,3,4.5,11,Leeds,LEE,3,MID,Man Utd,0
361,Gyabi,11,3,4.5,11,Leeds,LEE,3,MID,Man Utd,0
362,Piroe,11,4,4.9,11,Leeds,LEE,4,FWD,Man Utd,0
363,Bamford,11,4,4.9,11,Leeds,LEE,4,FWD,Man Utd,0
364,Mateo Joseph,11,4,5.0,11,Leeds,LEE,4,FWD,Man Utd,0
365,Nmecha,11,4,5.0,11,Leeds,LEE,4,FWD,Man Utd,0
493,Longstaff,11,3,4.8,11,Leeds,LEE,3,MID,Man Utd,0
660,Stach,11,3,4.7,11,Leeds,LEE,3,MID,Man Utd,0
665,Perri,11,1,4.4,11,Leeds,LEE,1,GKP,Man Utd,0
691,Calvert-Lewin,11,4,5.6,11,Leeds,LEE,4,FWD,Man Utd,0
698,Okafor,11,3,5.5,11,Leeds,LEE,3,MID,Man Utd,0
706,Justin,11,2,3.9,11,Leeds,LEE,2,DEF,Man Utd,0
741,Gray,11,4,4.5,11,Leeds,LEE,4,FWD,Man Utd,0
787,Chambers,11,3,4.4,11,Leeds,LEE,3,MID,Man Utd,0
366,A.Becker,12,1,5.4,12,Liverpool,LIV,1,GKP,Fulham,1
367,Mamardashvili,12,1,4.1,12,Liverpool,LIV,1,GKP,Fulham,1
368,Pécsi,12,1,3.8,12,Liverpool,LIV,1,GKP,Fulham,1
369,Woodman,12,1,3.9,12,Liverpool,LIV,1,GKP,Fulham,1
370,Frimpong,12,2,5.7,12,Liverpool,LIV,2,DEF,Fulham,1
371,Kerkez,12,2,5.6,12,Liverpool,LIV,2,DEF,Fulham,1
372,Robertson,12,2,5.7,12,Liverpool,LIV,2,DEF,Fulham,1
373,Virgil,12,2,6.3,12,Liverpool,LIV,2,DEF,Fulham,1
374,Konaté,12,2,5.5,12,Liverpool,LIV,2,DEF,Fulham,1
375,Bradley,12,2,4.9,12,Liverpool,LIV,2,DEF,Fulham,1
376,Gomez,12,2,4.9,12,Liverpool,LIV,2,DEF,Fulham,1
377,Tsimikas,12,2,4.8,12,Liverpool,LIV,2,DEF,Fulham,1
378,Nallo,12,2,3.7,12,Liverpool,LIV,2,DEF,Fulham,1
379,R.Williams,12,2,3.7,12,Liverpool,LIV,2,DEF,Fulham,1
380,Ramsay,12,2,3.8,12,Liverpool,LIV,2,DEF,Fulham,1
381,M.Salah,12,3,14.0,12,Liverpool,LIV,3,MID,Fulham,1
382,Wirtz,12,3,8.3,12,Liverpool,LIV,3,MID,Fulham,1
383,Luis Díaz,12,3,8.0,12,Liverpool,LIV,3,MID,Fulham,1
384,Gakpo,12,3,7.3,12,Liverpool,LIV,3,MID,Fulham,1
385,Chiesa,12,3,6.3,12,Liverpool,LIV,3,MID,Fulham,1
386,Mac Allister,12,3,6.3,12,Liverpool,LIV,3,MID,Fulham,1
387,Szoboszlai,12,3,7.0,12,Liverpool,LIV,3,MID,Fulham,1
388,C.Jones,12,3,5.4,12,Liverpool,LIV,3,MID,Fulham,1
390,Gravenberch,12,3,5.5,12,Liverpool,LIV,3,MID,Fulham,1
392,Endo,12,3,4.9,12,Liverpool,LIV,3,MID,Fulham,1
393,Bajcetic,12,3,4.2,12,Liverpool,LIV,3,MID,Fulham,1
394,McConnell,12,3,4.4,12,Liverpool,LIV,3,MID,Fulham,1
395,Morton,12,3,4.5,12,Liverpool,LIV,3,MID,Fulham,1
396,Nyoni,12,3,4.3,12,Liverpool,LIV,3,MID,Fulham,1
397,Darwin,12,4,6.5,12,Liverpool,LIV,4,FWD,Fulham,1
398,Danns,12,4,4.3,12,Liverpool,LIV,4,FWD,Fulham,1
499,Isak,12,4,10.3,12,Liverpool,LIV,4,FWD,Fulham,1
661,Ekitiké,12,4,9.3,12,Liverpool,LIV,4,FWD,Fulham,1
686,Ngumoha,12,3,4.3,12,Liverpool,LIV,3,MID,Fulham,1
692,Leoni,12,2,4.9,12,Liverpool,LIV,2,DEF,Fulham,1
746,Morrison,12,3,4.5,12,Liverpool,LIV,3,MID,Fulham,1
760,Lucky,12,2,4.0,12,Liverpool,LIV,2,DEF,Fulham,1
82,Semenyo,13,3,8.2,13,Man City,MCI,3,MID,Chelsea,0
182,Trafford,13,1,4.5,13,Man City,MCI,1,GKP,Chelsea,0
260,Guéhi,13,2,5.1,13,Man City,MCI,2,DEF,Chelsea,0
399,Ederson M.,13,1,5.3,13,Man City,MCI,1,GKP,Chelsea,0
401,Bettinelli,13,1,3.8,13,Man City,MCI,1,GKP,Chelsea,0
402,Aït-Nouri,13,2,5.7,13,Man City,MCI,2,DEF,Chelsea,0
403,Gvardiol,13,2,5.9,13,Man City,MCI,2,DEF,Chelsea,0
404,Akanji,13,2,5.4,13,Man City,MCI,2,DEF,Chelsea,0
405,Aké,13,2,5.2,13,Man City,MCI,2,DEF,Chelsea,0
406,Khusanov,13,2,5.4,13,Man City,MCI,2,DEF,Chelsea,0
407,Matheus N.,13,2,5.3,13,Man City,MCI,2,DEF,Chelsea,0
408,Rúben,13,2,5.5,13,Man City,MCI,2,DEF,Chelsea,0
409,Stones,13,2,5.4,13,Man City,MCI,2,DEF,Chelsea,0
410,Lewis,13,2,4.6,13,Man City,MCI,2,DEF,Chelsea,0
411,O'Reilly,13,2,5.0,13,Man City,MCI,2,DEF,Chelsea,0
412,Vitor Reis,13,2,5.0,13,Man City,MCI,2,DEF,Chelsea,0
413,Marmoush,13,3,8.3,13,Man City,MCI,3,MID,Chelsea,0
414,Foden,13,3,8.0,13,Man City,MCI,3,MID,Chelsea,0
415,Savinho,13,3,6.9,13,Man City,MCI,3,MID,Chelsea,0
416,Bernardo,13,3,6.2,13,Man City,MCI,3,MID,Chelsea,0
417,Cherki,13,3,6.3,13,Man City,MCI,3,MID,Chelsea,0
418,Doku,13,3,6.4,13,Man City,MCI,3,MID,Chelsea,0
420,Gündoğan,13,3,6.3,13,Man City,MCI,3,MID,Chelsea,0
421,Rodrigo,13,3,6.3,13,Man City,MCI,3,MID,Chelsea,0
422,Kovačić,13,3,5.8,13,Man City,MCI,3,MID,Chelsea,0
423,N.Gonzalez,13,3,5.9,13,Man City,MCI,3,MID,Chelsea,0
425,Echeverri,13,3,5.4,13,Man City,MCI,3,MID,Chelsea,0
427,Reijnders,13,3,5.0,13,Man City,MCI,3,MID,Chelsea,0
428,Nypan,13,3,5.0,13,Man City,MCI,3,MID,Chelsea,0
429,Phillips,13,3,4.7,13,Man City,MCI,3,MID,Chelsea,0
430,Haaland,13,4,14.5,13,Man City,MCI,4,FWD,Chelsea,0
736,Donnarumma,13,1,5.6,13,Man City,MCI,1,GKP,Chelsea,0
739,Mukasa,13,3,4.4,13,Man City,MCI,3,MID,Chelsea,0
740,Mfuni,13,2,3.9,13,Man City,MCI,2,DEF,Chelsea,0
742,McAidoo,13,3,4.5,13,Man City,MCI,3,MID,Chelsea,0
763,Gray,13,3,4.5,13,Man City,MCI,3,MID,Chelsea,0
764,Heskey,13,3,4.5,13,Man City,MCI,3,MID,Chelsea,0
794,Alleyne,13,2,3.9,13,Man City,MCI,2,DEF,Chelsea,0
119,Mbeumo,14,3,8.6,14,Man Utd,MUN,3,MID,Leeds,1
431,Bayindir,14,1,4.7,14,Man Utd,MUN,1,GKP,Leeds,1
432,Onana,14,1,4.9,14,Man Utd,MUN,1,GKP,Leeds,1
433,Harrison,14,1,4.0,14,Man Utd,MUN,1,GKP,Leeds,1
434,Heaton,14,1,3.8,14,Man Utd,MUN,1,GKP,Leeds,1
435,Mee,14,1,3.9,14,Man Utd,MUN,1,GKP,Leeds,1
436,De Ligt,14,2,4.9,14,Man Utd,MUN,2,DEF,Leeds,1
437,Martinez,14,2,4.8,14,Man Utd,MUN,2,DEF,Leeds,1
438,Mazraoui,14,2,4.9,14,Man Utd,MUN,2,DEF,Leeds,1
439,D.Leon,14,2,4.1,14,Man Utd,MUN,2,DEF,Leeds,1
440,Dalot,14,2,4.6,14,Man Utd,MUN,2,DEF,Leeds,1
441,Dorgu,14,2,4.1,14,Man Utd,MUN,2,DEF,Leeds,1
442,Maguire,14,2,4.4,14,Man Utd,MUN,2,DEF,Leeds,1
443,Shaw,14,2,4.5,14,Man Utd,MUN,2,DEF,Leeds,1
444,Yoro,14,2,4.1,14,Man Utd,MUN,2,DEF,Leeds,1
445,Amass,14,2,4.0,14,Man Utd,MUN,2,DEF,Leeds,1
446,Fredricson,14,2,3.7,14,Man Utd,MUN,2,DEF,Leeds,1
447,Heaven,14,2,3.7,14,Man Utd,MUN,2,DEF,Leeds,1
448,Malacia,14,2,3.8,14,Man Utd,MUN,2,DEF,Leeds,1
449,B.Fernandes,14,3,10.3,14,Man Utd,MUN,3,MID,Leeds,1
450,Cunha,14,3,8.0,14,Man Utd,MUN,3,MID,Leeds,1
451,Rashford,14,3,7.0,14,Man Utd,MUN,3,MID,Leeds,1
452,Amad,14,3,6.2,14,Man Utd,MUN,3,MID,Leeds,1
454,Antony,14,3,5.9,14,Man Utd,MUN,3,MID,Leeds,1
455,Mount,14,3,5.9,14,Man Utd,MUN,3,MID,Leeds,1
457,Casemiro,14,3,5.7,14,Man Utd,MUN,3,MID,Leeds,1
458,Mainoo,14,3,4.6,14,Man Utd,MUN,3,MID,Leeds,1
459,Ugarte,14,3,4.7,14,Man Utd,MUN,3,MID,Leeds,1
460,Collyer,14,3,4.5,14,Man Utd,MUN,3,MID,Leeds,1
461,Fitzgerald,14,3,4.3,14,Man Utd,MUN,3,MID,Leeds,1
462,J.Fletcher,14,3,4.3,14,Man Utd,MUN,3,MID,Leeds,1
463,Kone,14,3,4.3,14,Man Utd,MUN,3,MID,Leeds,1
464,Moorhouse,14,3,4.5,14,Man Utd,MUN,3,MID,Leeds,1
465,Højlund,14,4,6.3,14,Man Utd,MUN,4,FWD,Leeds,1
466,Zirkzee,14,4,5.8,14,Man Utd,MUN,4,FWD,Leeds,1
467,Obi,14,4,4.2,14,Man Utd,MUN,4,FWD,Leeds,1
468,Wheatley,14,4,4.5,14,Man Utd,MUN,4,FWD,Leeds,1
681,Šeško,14,4,7.4,14,Man Utd,MUN,4,FWD,Leeds,1
733,Lammens,14,1,5.0,14,Man Utd,MUN,1,GKP,Leeds,1
755,Lacey,14,3,4.5,14,Man Utd,MUN,3,MID,Leeds,1
769,Bendito Mantato,14,3,4.5,14,Man Utd,MUN,3,MID,Leeds,1
771,Fletcher,14,3,4.4,14,Man Utd,MUN,3,MID,Leeds,1
788,Kukonki,14,2,4.0,14,Man Utd,MUN,2,DEF,Leeds,1
52,J.Ramsey,15,3,5.3,15,Newcastle,NEW,3,MID,Crystal Palace,0
135,Wissa,15,4,7.3,15,Newcastle,NEW,4,FWD,Crystal Palace,0
469,Pope,15,1,5.1,15,Newcastle,NEW,1,GKP,Crystal Palace,0
471,Gillespie,15,1,3.9,15,Newcastle,NEW,1,GKP,Crystal Palace,0
472,Odysseas,15,1,4.0,15,Newcastle,NEW,1,GKP,Crystal Palace,0
473,Hall,15,2,5.4,15,Newcastle,NEW,2,DEF,Crystal Palace,0
474,Schär,15,2,5.2,15,Newcastle,NEW,2,DEF,Crystal Palace,0
475,Botman,15,2,4.9,15,Newcastle,NEW,2,DEF,Crystal Palace,0
476,Burn,15,2,5.0,15,Newcastle,NEW,2,DEF,Crystal Palace,0
477,Livramento,15,2,4.9,15,Newcastle,NEW,2,DEF,Crystal Palace,0
478,Trippier,15,2,4.9,15,Newcastle,NEW,2,DEF,Crystal Palace,0
479,Krafth,15,2,4.3,15,Newcastle,NEW,2,DEF,Crystal Palace,0
480,Lascelles,15,2,4.3,15,Newcastle,NEW,2,DEF,Crystal Palace,0
481,A.Murphy,15,2,3.8,15,Newcastle,NEW,2,DEF,Crystal Palace,0
482,Ashby,15,2,3.9,15,Newcastle,NEW,2,DEF,Crystal Palace,0
483,Pivas,15,2,3.8,15,Newcastle,NEW,2,DEF,Crystal Palace,0
484,Targett,15,2,4.0,15,Newcastle,NEW,2,DEF,Crystal Palace,0
485,Gordon,15,3,7.4,15,Newcastle,NEW,3,MID,Crystal Palace,0
486,Elanga,15,3,6.5,15,Newcastle,NEW,3,MID,Crystal Palace,0
487,Barnes,15,3,6.1,15,Newcastle,NEW,3,MID,Crystal Palace,0
488,Bruno G.,15,3,6.8,15,Newcastle,NEW,3,MID,Crystal Palace,0
489,J.Murphy,15,3,5.9,15,Newcastle,NEW,3,MID,Crystal Palace,0
490,Joelinton,15,3,5.9,15,Newcastle,NEW,3,MID,Crystal Palace,0
491,Tonali,15,3,5.3,15,Newcastle,NEW,3,MID,Crystal Palace,0
492,Antoñito C.,15,3,4.9,15,Newcastle,NEW,3,MID,Crystal Palace,0
494,Willock,15,3,5.0,15,Newcastle,NEW,3,MID,Crystal Palace,0
495,Hayden,15,3,4.5,15,Newcastle,NEW,3,MID,Crystal Palace,0
496,Kuol,15,3,4.4,15,Newcastle,NEW,3,MID,Crystal Palace,0
497,L.Miley,15,3,4.4,15,Newcastle,NEW,3,MID,Crystal Palace,0
498,White,15,3,4.5,15,Newcastle,NEW,3,MID,Crystal Palace,0
500,Osula,15,4,5.4,15,Newcastle,NEW,4,FWD,Crystal Palace,0
501,Neave,15,4,4.3,15,Newcastle,NEW,4,FWD,Crystal Palace,0
674,Ramsdale,15,1,4.8,15,Newcastle,NEW,1,GKP,Crystal Palace,0
684,Thiaw,15,2,5.1,15,Newcastle,NEW,2,DEF,Crystal Palace,0
689,Seung soo,15,3,4.3,15,Newcastle,NEW,3,MID,Crystal Palace,0
714,Woltemade,15,4,6.7,15,Newcastle,NEW,4,FWD,Crystal Palace,0
753,Ruddy,15,1,4.0,15,Newcastle,NEW,1,GKP,Crystal Palace,0
765,Shahar,15,2,4.0,15,Newcastle,NEW,2,DEF,Crystal Palace,0
772,Alabi,15,3,4.5,15,Newcastle,NEW,3,MID,Crystal Palace,0
12,Zinchenko,16,2,4.9,16,Nott'm Forest,NFO,2,DEF,Aston Villa,1
400,Ortega Moreno,16,1,4.7,16,Nott'm Forest,NFO,1,GKP,Aston Villa,1
426,McAtee,16,3,5.0,16,Nott'm Forest,NFO,3,MID,Aston Villa,1
502,Sels,16,1,4.6,16,Nott'm Forest,NFO,1,GKP,Aston Villa,1
503,C.Miguel,16,1,4.0,16,Nott'm Forest,NFO,1,GKP,Aston Villa,1
504,Turner,16,1,4.0,16,Nott'm Forest,NFO,1,GKP,Aston Villa,1
505,Milenković,16,2,5.1,16,Nott'm Forest,NFO,2,DEF,Aston Villa,1
506,Murillo,16,2,5.2,16,Nott'm Forest,NFO,2,DEF,Aston Villa,1
507,Aina,16,2,4.7,16,Nott'm Forest,NFO,2,DEF,Aston Villa,1
508,N.Williams,16,2,4.7,16,Nott'm Forest,NFO,2,DEF,Aston Villa,1
509,David Carmo,16,2,4.5,16,Nott'm Forest,NFO,2,DEF,Aston Villa,1
510,Jair Cunha,16,2,4.2,16,Nott'm Forest,NFO,2,DEF,Aston Villa,1
511,Morato,16,2,4.3,16,Nott'm Forest,NFO,2,DEF,Aston Villa,1
512,O.Richards,16,2,4.5,16,Nott'm Forest,NFO,2,DEF,Aston Villa,1
513,Abbott,16,2,3.8,16,Nott'm Forest,NFO,2,DEF,Aston Villa,1
514,Boly,16,2,3.8,16,Nott'm Forest,NFO,2,DEF,Aston Villa,1
515,Gibbs-White,16,3,7.4,16,Nott'm Forest,NFO,3,MID,Aston Villa,1
516,Hudson-Odoi,16,3,5.7,16,Nott'm Forest,NFO,3,MID,Aston Villa,1
517,Anderson,16,3,5.5,16,Nott'm Forest,NFO,3,MID,Aston Villa,1
518,Jota,16,3,5.4,16,Nott'm Forest,NFO,3,MID,Aston Villa,1
519,Dominguez,16,3,5.0,16,Nott'm Forest,NFO,3,MID,Aston Villa,1
520,O'Brien,16,3,5.0,16,Nott'm Forest,NFO,3,MID,Aston Villa,1
521,Sangaré,16,3,4.9,16,Nott'm Forest,NFO,3,MID,Aston Villa,1
522,Yates,16,3,4.7,16,Nott'm Forest,NFO,3,MID,Aston Villa,1
523,Da Silva Moreira,16,3,4.5,16,Nott'm Forest,NFO,3,MID,Aston Villa,1
524,Stamenic,16,3,4.5,16,Nott'm Forest,NFO,3,MID,Aston Villa,1
525,Wood,16,4,7.1,16,Nott'm Forest,NFO,4,FWD,Aston Villa,1
526,Igor Jesus,16,4,5.8,16,Nott'm Forest,NFO,4,FWD,Aston Villa,1
527,Awoniyi,16,4,5.2,16,Nott'm Forest,NFO,4,FWD,Aston Villa,1
669,Ndoye,16,3,5.5,16,Nott'm Forest,NFO,3,MID,Aston Villa,1
675,Gunn,16,1,4.0,16,Nott'm Forest,NFO,1,GKP,Aston Villa,1
693,Hutchinson,16,3,5.4,16,Nott'm Forest,NFO,3,MID,Aston Villa,1
696,Kalimuendo,16,4,6.0,16,Nott'm Forest,NFO,4,FWD,Aston Villa,1
715,John,16,1,4.0,16,Nott'm Forest,NFO,1,GKP,Aston Villa,1
716,Savona,16,2,4.5,16,Nott'm Forest,NFO,2,DEF,Aston Villa,1
729,Cuiabano,16,2,4.5,16,Nott'm Forest,NFO,2,DEF,Aston Villa,1
734,Bakwa,16,3,5.9,16,Nott'm Forest,NFO,3,MID,Aston Villa,1
805,Lucca,16,4,5.5,16,Nott'm Forest,NFO,4,FWD,Aston Villa,1
814,Netz,16,2,4.5,16,Nott'm Forest,NFO,2,DEF,Aston Villa,1
528,Patterson,17,1,4.2,17,Sunderland,SUN,1,GKP,Spurs,1
529,Moore,17,1,3.9,17,Sunderland,SUN,1,GKP,Spurs,1
530,Nna Noukeu,17,1,3.9,17,Sunderland,SUN,1,GKP,Spurs,1
531,Ballard,17,2,4.7,17,Sunderland,SUN,2,DEF,Spurs,1
532,Hume,17,2,4.5,17,Sunderland,SUN,2,DEF,Spurs,1
533,Alese,17,2,4.0,17,Sunderland,SUN,2,DEF,Spurs,1
534,Anderson,17,2,3.8,17,Sunderland,SUN,2,DEF,Spurs,1
535,Cirkin,17,2,4.0,17,Sunderland,SUN,2,DEF,Spurs,1
536,Hjelde,17,2,4.0,17,Sunderland,SUN,2,DEF,Spurs,1
537,Huggins,17,2,4.0,17,Sunderland,SUN,2,DEF,Spurs,1
538,Johnson,17,2,3.8,17,Sunderland,SUN,2,DEF,Spurs,1
539,O'Nien,17,2,4.0,17,Sunderland,SUN,2,DEF,Spurs,1
540,Pembele,17,2,3.9,17,Sunderland,SUN,2,DEF,Spurs,1
541,Reinildo,17,2,3.8,17,Sunderland,SUN,2,DEF,Spurs,1
542,Seelt,17,2,4.0,17,Sunderland,SUN,2,DEF,Spurs,1
543,Adingra,17,3,4.9,17,Sunderland,SUN,3,MID,Spurs,1
544,Diarra,17,3,5.3,17,Sunderland,SUN,3,MID,Spurs,1
545,Roberts,17,3,5.4,17,Sunderland,SUN,3,MID,Spurs,1
546,Aleksić,17,3,4.9,17,Sunderland,SUN,3,MID,Spurs,1
547,E.Le Fée,17,3,4.9,17,Sunderland,SUN,3,MID,Spurs,1
548,Mundle,17,3,4.9,17,Sunderland,SUN,3,MID,Spurs,1
549,Neil,17,3,4.8,17,Sunderland,SUN,3,MID,Spurs,1
550,Poveda,17,3,4.7,17,Sunderland,SUN,3,MID,Spurs,1
551,Rigg,17,3,4.7,17,Sunderland,SUN,3,MID,Spurs,1
552,Sadiki,17,3,4.9,17,Sunderland,SUN,3,MID,Spurs,1
553,Talbi,17,3,4.9,17,Sunderland,SUN,3,MID,Spurs,1
554,Ba,17,3,4.3,17,Sunderland,SUN,3,MID,Spurs,1
555,Browne,17,3,4.5,17,Sunderland,SUN,3,MID,Spurs,1
556,Ekwah,17,3,4.5,17,Sunderland,SUN,3,MID,Spurs,1
557,H.Jones,17,3,4.3,17,Sunderland,SUN,3,MID,Spurs,1
558,Matete,17,3,4.3,17,Sunderland,SUN,3,MID,Spurs,1
559,Triantis,17,3,4.4,17,Sunderland,SUN,3,MID,Spurs,1
560,Isidor,17,4,5.0,17,Sunderland,SUN,4,FWD,Spurs,1
561,Mayenda,17,4,5.2,17,Sunderland,SUN,4,FWD,Spurs,1
562,Abdullahi,17,4,4.2,17,Sunderland,SUN,4,FWD,Spurs,1
563,Luís Hemir,17,4,4.4,17,Sunderland,SUN,4,FWD,Spurs,1
564,Rusyn,17,4,4.4,17,Sunderland,SUN,4,FWD,Spurs,1
668,Xhaka,17,3,5.1,17,Sunderland,SUN,3,MID,Spurs,1
670,Roefs,17,1,4.8,17,Sunderland,SUN,1,GKP,Spurs,1
678,Masuaku,17,2,3.9,17,Sunderland,SUN,2,DEF,Spurs,1
683,Alderete,17,2,4.1,17,Sunderland,SUN,2,DEF,Spurs,1
694,Mukiele,17,2,4.5,17,Sunderland,SUN,2,DEF,Spurs,1
724,Geertruida,17,2,4.5,17,Sunderland,SUN,2,DEF,Spurs,1
730,Brobbey,17,4,5.3,17,Sunderland,SUN,4,FWD,Spurs,1
735,Traoré,17,3,5.5,17,Sunderland,SUN,3,MID,Spurs,1
774,Jenson Jones,17,2,4.0,17,Sunderland,SUN,2,DEF,Spurs,1
775,Tutierov,17,3,4.5,17,Sunderland,SUN,3,MID,Spurs,1
800,Jocelin.T,17,3,5.0,17,Sunderland,SUN,3,MID,Spurs,1
812,Ellborg,17,1,4.0,17,Sunderland,SUN,1,GKP,Spurs,1
813,Angulo,17,3,5.0,17,Sunderland,SUN,3,MID,Spurs,1
821,Whittaker,17,3,4.5,17,Sunderland,SUN,3,MID,Spurs,1
822,Jones,17,3,4.5,17,Sunderland,SUN,3,MID,Spurs,1
565,Vicario,18,1,4.7,18,Spurs,TOT,1,GKP,Sunderland,0
566,Austin,18,1,3.9,18,Spurs,TOT,1,GKP,Sunderland,0
567,Kinsky,18,1,3.9,18,Spurs,TOT,1,GKP,Sunderland,0
568,Pedro Porro,18,2,5.1,18,Spurs,TOT,2,DEF,Sunderland,0
569,Romero,18,2,5.0,18,Spurs,TOT,2,DEF,Sunderland,0
570,Danso,18,2,4.2,18,Spurs,TOT,2,DEF,Sunderland,0
571,Davies,18,2,4.3,18,Spurs,TOT,2,DEF,Sunderland,0
572,Dragusin,18,2,4.5,18,Spurs,TOT,2,DEF,Sunderland,0
573,Spence,18,2,4.2,18,Spurs,TOT,2,DEF,Sunderland,0
574,Udogie,18,2,4.3,18,Spurs,TOT,2,DEF,Sunderland,0
575,Van de Ven,18,2,4.4,18,Spurs,TOT,2,DEF,Sunderland,0
576,Phillips,18,2,4.0,18,Spurs,TOT,2,DEF,Sunderland,0
577,Takai,18,2,4.0,18,Spurs,TOT,2,DEF,Sunderland,0
578,Vuskovic,18,2,3.9,18,Spurs,TOT,2,DEF,Sunderland,0
579,Son,18,3,8.5,18,Spurs,TOT,3,MID,Sunderland,0
581,Maddison,18,3,6.8,18,Spurs,TOT,3,MID,Sunderland,0
582,Kudus,18,3,6.4,18,Spurs,TOT,3,MID,Sunderland,0
583,Kulusevski,18,3,6.4,18,Spurs,TOT,3,MID,Sunderland,0
584,Tel,18,3,6.2,18,Spurs,TOT,3,MID,Sunderland,0
585,Bentancur,18,3,5.2,18,Spurs,TOT,3,MID,Sunderland,0
586,Bergvall,18,3,5.2,18,Spurs,TOT,3,MID,Sunderland,0
587,Bissouma,18,3,5.2,18,Spurs,TOT,3,MID,Sunderland,0
588,Odobert,18,3,5.3,18,Spurs,TOT,3,MID,Sunderland,0
589,Solomon,18,3,5.4,18,Spurs,TOT,3,MID,Sunderland,0
590,Bryan,18,3,4.9,18,Spurs,TOT,3,MID,Sunderland,0
591,Gray,18,3,4.8,18,Spurs,TOT,3,MID,Sunderland,0
592,Moore,18,3,5.0,18,Spurs,TOT,3,MID,Sunderland,0
593,P.M.Sarr,18,3,4.5,18,Spurs,TOT,3,MID,Sunderland,0
594,Min-hyeok,18,3,4.5,18,Spurs,TOT,3,MID,Sunderland,0
595,Olusesi,18,3,4.3,18,Spurs,TOT,3,MID,Sunderland,0
596,Solanke,18,4,7.2,18,Spurs,TOT,4,FWD,Sunderland,0
597,Richarlison,18,4,6.3,18,Spurs,TOT,4,FWD,Sunderland,0
598,Lankshear,18,4,4.5,18,Spurs,TOT,4,FWD,Sunderland,0
599,Scarlett,18,4,4.3,18,Spurs,TOT,4,FWD,Sunderland,0
673,J.Palhinha,18,3,5.5,18,Spurs,TOT,3,MID,Sunderland,0
717,Xavi,18,3,6.5,18,Spurs,TOT,3,MID,Sunderland,0
726,Kolo Muani,18,4,6.9,18,Spurs,TOT,4,FWD,Sunderland,0
745,Byfield,18,2,4.0,18,Spurs,TOT,2,DEF,Sunderland,0
750,Rowswell,18,2,4.0,18,Spurs,TOT,2,DEF,Sunderland,0
751,Akhamrich,18,3,4.5,18,Spurs,TOT,3,MID,Sunderland,0
790,Williams-Barnett,18,3,4.5,18,Spurs,TOT,3,MID,Sunderland,0
796,Gallagher,18,3,5.1,18,Spurs,TOT,3,MID,Sunderland,0
804,Souza,18,2,4.0,18,Spurs,TOT,2,DEF,Sunderland,0
811,Kyerematen,18,3,4.5,18,Spurs,TOT,3,MID,Sunderland,0
818,Wilson,18,4,4.5,18,Spurs,TOT,4,FWD,Sunderland,0
326,Adama,19,3,5.1,19,West Ham,WHU,3,MID,Wolves,1
600,Areola,19,1,4.3,19,West Ham,WHU,1,GKP,Wolves,1
601,Foderingham,19,1,4.0,19,West Ham,WHU,1,GKP,Wolves,1
602,Hegyi,19,1,3.9,19,West Ham,WHU,1,GKP,Wolves,1
603,Diouf,19,2,4.1,19,West Ham,WHU,2,DEF,Wolves,1
604,Emerson,19,2,4.4,19,West Ham,WHU,2,DEF,Wolves,1
605,Kilman,19,2,4.1,19,West Ham,WHU,2,DEF,Wolves,1
606,Mavropanos,19,2,4.4,19,West Ham,WHU,2,DEF,Wolves,1
607,N.Aguerd,19,2,4.4,19,West Ham,WHU,2,DEF,Wolves,1
608,Scarles,19,2,4.3,19,West Ham,WHU,2,DEF,Wolves,1
609,Todibo,19,2,4.3,19,West Ham,WHU,2,DEF,Wolves,1
610,Wan-Bissaka,19,2,4.1,19,West Ham,WHU,2,DEF,Wolves,1
611,Casey,19,2,4.0,19,West Ham,WHU,2,DEF,Wolves,1
612,L.Paquetá,19,3,5.9,19,West Ham,WHU,3,MID,Wolves,1
613,Souček,19,3,5.7,19,West Ham,WHU,3,MID,Wolves,1
615,Summerville,19,3,5.6,19,West Ham,WHU,3,MID,Wolves,1
616,Álvarez,19,3,4.9,19,West Ham,WHU,3,MID,Wolves,1
617,Cornet,19,3,4.9,19,West Ham,WHU,3,MID,Wolves,1
618,G.Rodriguez,19,3,4.8,19,West Ham,WHU,3,MID,Wolves,1
619,L.Guilherme,19,3,4.9,19,West Ham,WHU,3,MID,Wolves,1
620,Earthy,19,3,4.5,19,West Ham,WHU,3,MID,Wolves,1
621,Irving,19,3,4.3,19,West Ham,WHU,3,MID,Wolves,1
622,Orford,19,3,4.4,19,West Ham,WHU,3,MID,Wolves,1
623,Potts,19,3,4.4,19,West Ham,WHU,3,MID,Wolves,1
624,Bowen,19,4,7.5,19,West Ham,WHU,4,FWD,Wolves,1
625,Füllkrug,19,4,5.6,19,West Ham,WHU,4,FWD,Wolves,1
626,Marshall,19,4,4.3,19,West Ham,WHU,4,FWD,Wolves,1
659,Walker-Peters,19,2,4.2,19,West Ham,WHU,2,DEF,Wolves,1
671,Wilson,19,4,5.8,19,West Ham,WHU,4,FWD,Wolves,1
679,Hermansen,19,1,4.2,19,West Ham,WHU,1,GKP,Wolves,1
708,M.Fernandes,19,3,5.5,19,West Ham,WHU,3,MID,Wolves,1
718,S.Magassa,19,3,5.0,19,West Ham,WHU,3,MID,Wolves,1
738,Fabianski,19,1,4.5,19,West Ham,WHU,1,GKP,Wolves,1
747,Mayers,19,2,4.0,19,West Ham,WHU,2,DEF,Wolves,1
752,Golambeckis,19,2,4.0,19,West Ham,WHU,2,DEF,Wolves,1
758,Mohamadou Kanté,19,3,4.5,19,West Ham,WHU,3,MID,Wolves,1
785,Pablo,19,4,5.4,19,West Ham,WHU,4,FWD,Wolves,1
791,Taty,19,4,5.5,19,West Ham,WHU,4,FWD,Wolves,1
802,Lamadrid,19,3,5.0,19,West Ham,WHU,3,MID,Wolves,1
815,Disasi,19,2,4.5,19,West Ham,WHU,2,DEF,Wolves,1
825,Herrick,19,1,4.0,19,West Ham,WHU,1,GKP,Wolves,1
627,Johnstone,20,1,4.4,20,Wolves,WOL,1,GKP,West Ham,0
628,José Sá,20,1,4.2,20,Wolves,WOL,1,GKP,West Ham,0
629,Bentley,20,1,3.9,20,Wolves,WOL,1,GKP,West Ham,0
631,Agbadou,20,2,4.2,20,Wolves,WOL,2,DEF,West Ham,0
632,Doherty,20,2,4.4,20,Wolves,WOL,2,DEF,West Ham,0
633,H.Bueno,20,2,4.3,20,Wolves,WOL,2,DEF,West Ham,0
634,Mosquera,20,2,4.3,20,Wolves,WOL,2,DEF,West Ham,0
635,R.Gomes,20,2,4.4,20,Wolves,WOL,2,DEF,West Ham,0
636,S.Bueno,20,2,4.4,20,Wolves,WOL,2,DEF,West Ham,0
637,Toti,20,2,4.2,20,Wolves,WOL,2,DEF,West Ham,0
638,Hoever,20,2,3.8,20,Wolves,WOL,2,DEF,West Ham,0
639,Meupiyou,20,2,4.0,20,Wolves,WOL,2,DEF,West Ham,0
640,Pedro Lima,20,2,4.0,20,Wolves,WOL,2,DEF,West Ham,0
641,Pond,20,2,3.9,20,Wolves,WOL,2,DEF,West Ham,0
642,Hee Chan,20,3,5.6,20,Wolves,WOL,3,MID,West Ham,0
643,André,20,3,5.2,20,Wolves,WOL,3,MID,West Ham,0
644,Bellegarde,20,3,5.1,20,Wolves,WOL,3,MID,West Ham,0
645,Fer López,20,3,5.1,20,Wolves,WOL,3,MID,West Ham,0
646,J.Gomes,20,3,5.3,20,Wolves,WOL,3,MID,West Ham,0
647,Guedes,20,3,5.5,20,Wolves,WOL,3,MID,West Ham,0
648,Munetsi,20,3,5.3,20,Wolves,WOL,3,MID,West Ham,0
649,B.Traore,20,3,5.0,20,Wolves,WOL,3,MID,West Ham,0
650,Chirewa,20,3,4.3,20,Wolves,WOL,3,MID,West Ham,0
651,Edozie,20,3,4.3,20,Wolves,WOL,3,MID,West Ham,0
652,Gonzalez,20,3,4.3,20,Wolves,WOL,3,MID,West Ham,0
653,Hodge,20,3,4.5,20,Wolves,WOL,3,MID,West Ham,0
655,Fábio Silva,20,4,4.9,20,Wolves,WOL,4,FWD,West Ham,0
656,Kalajdžić,20,4,4.9,20,Wolves,WOL,4,FWD,West Ham,0
657,Chiwome,20,4,4.4,20,Wolves,WOL,4,FWD,West Ham,0
658,Fraser,20,4,4.2,20,Wolves,WOL,4,FWD,West Ham,0
663,J.Arias,20,3,4.9,20,Wolves,WOL,3,MID,West Ham,0
682,Møller Wolfe,20,2,4.2,20,Wolves,WOL,2,DEF,West Ham,0
695,Tchatchoua,20,2,4.4,20,Wolves,WOL,2,DEF,West Ham,0
709,Krejčí,20,2,4.5,20,Wolves,WOL,2,DEF,West Ham,0
720,Tolu,20,4,5.3,20,Wolves,WOL,4,FWD,West Ham,0
749,Mané,20,4,4.4,20,Wolves,WOL,4,FWD,West Ham,0
766,Olagunju,20,2,4.0,20,Wolves,WOL,2,DEF,West Ham,0
767,Rawlings,20,3,4.5,20,Wolves,WOL,3,MID,West Ham,0
777,Ojinnaka,20,3,4.5,20,Wolves,WOL,3,MID,West Ham,0
778,Sutherland,20,3,4.5,20,Wolves,WOL,3,MID,West Ham,0
809,Abbey,20,3,4.5,20,Wolves,WOL,3,MID,West Ham,0
816,Angel,20,3,4.7,20,Wolves,WOL,3,MID,West Ham,0
817,Armstrong,20,4,5.2,20,Wolves,WOL,4,FWD,West Ham,0
